0 Erin,Vearncomb,evearncomb0@ning.com,Non-binary,217.118.120.182
1 Agnes,Bernholt,abernholt1@washingtonpost.com,Female,136.76.122.228
2 Bronnie,Lerhinan,blerhinan2@stumbleupon.com,Male,175.26.117.24
3 Pancho,Veryan,pveryan3@zdnet.com,Male,126.64.57.189
4 Tonye,Blissett,tblissett4@newyorker.com,Female,106.126.203.232
5 Stanislaus,McCotter,smccotter5@msu.edu,Male,55.86.118.60
6 Ruben,McCambrois,rmccambrois6@hugedomains.com,Male,246.190.142.109
7 Rik,Billyard,rbillyard7@slideshare.net,Male,69.31.215.241
8 Stefan,Borer,sborer8@storify.com,Male,67.43.227.250
9 Miguel,Comellini,mcomellini9@prnewswire.com,Male,225.202.108.75
10 Chase,Lowrey,clowreya@acquirethisname.com,Male,100.74.29.198
11 Brent,Woodington,bwoodingtonb@aboutads.info,Male,28.245.89.197
12 Heindrick,Carlino,hcarlinoc@oaic.gov.au,Male,158.197.231.7
13 Audrie,O'Cahill,aocahilld@sourceforge.net,Female,76.129.209.159
14 Ruthie,Scholey,rscholeye@cdbaby.com,Female,245.118.24.226
15 Pat,Brownell,pbrownellf@nbcnews.com,Female,59.117.90.51
16 Carley,Wash,cwashg@ezinearticles.com,Female,37.219.216.155
17 Isaac,Harrinson,iharrinsonh@geocities.jp,Male,79.13.21.73
18 Tobit,Bertrand,tbertrandi@sbwire.com,Bigender,50.200.40.162
19 Matthieu,Shiel,mshielj@comcast.net,Male,126.189.247.170
20 Jarrad,Dankersley,jdankersleyk@unicef.org,Male,157.155.39.36
21 Jedidiah,Matterson,jmattersonl@mapy.cz,Male,110.85.242.42
22 Catharina,Cashin,ccashinm@biglobe.ne.jp,Female,249.152.134.195
23 Kerry,Pyper,kpypern@umn.edu,Bigender,122.182.153.115
24 Candice,McGiveen,cmcgiveeno@networksolutions.com,Female,16.170.64.28
25 Abagael,Straughan,astraughanp@vinaora.com,Female,6.101.131.183
26 Enrico,Larrington,elarringtonq@washingtonpost.com,Bigender,34.174.219.1
27 Jennifer,Suff,jsuffr@bloglines.com,Female,102.44.70.186
28 Vikky,Mibourne,vmibournes@gizmodo.com,Female,165.128.67.143
29 Dina,Meth,dmetht@oracle.com,Female,113.129.184.24
30 Jennie,Dupey,jdupeyu@answers.com,Female,113.201.67.199
31 Reinhold,Ferreira,rferreirav@rediff.com,Male,236.218.9.254
32 Tamarra,Rummins,trumminsw@tripadvisor.com,Female,59.134.161.27
33 Yehudi,Casoni,ycasonix@illinois.edu,Male,57.144.248.142
34 Jerad,Donaghy,jdonaghyy@gravatar.com,Male,226.1.146.12
35 El,Tidbald,etidbaldz@vimeo.com,Male,187.157.215.25
36 Marlo,Kellen,mkellen10@cargocollective.com,Male,167.207.125.22
37 Toddie,Steward,tsteward11@cbslocal.com,Male,151.71.16.171
38 Missie,Hearnaman,mhearnaman12@boston.com,Female,151.7.13.154
39 Molly,Conklin,mconklin13@hatena.ne.jp,Female,36.199.220.118
40 Spike,Whittington,swhittington14@wufoo.com,Male,79.73.209.150
41 Margery,Brimham,mbrimham15@etsy.com,Female,208.84.203.240
42 Enos,Annandale,eannandale16@ucla.edu,Male,108.27.233.75
43 Ynez,Babin,ybabin17@oakley.com,Female,21.230.208.150
44 Markus,Aleksandrikin,maleksandrikin18@businesswire.com,Male,125.19.150.138
45 Siana,Losselyong,slosselyong19@barnesandnoble.com,Female,144.255.124.160
46 Shelton,John,sjohn1a@addthis.com,Male,107.214.68.146
47 Caryl,Semrad,csemrad1b@oaic.gov.au,Male,241.37.69.126
48 Muffin,Luffman,mluffman1c@vinaora.com,Male,8.114.6.50
49 Zulema,Hefforde,zhefforde1d@mail.ru,Female,92.15.10.71
50 Marji,Ludgate,mludgate1e@soundcloud.com,Agender,243.138.54.231
51 Talbot,Ingre,tingre1f@google.co.uk,Genderfluid,127.48.14.45
52 Lanae,Scartifield,lscartifield1g@google.ca,Female,80.20.15.165
53 Amye,Frantzen,afrantzen1h@geocities.jp,Female,62.187.236.138
54 Eachelle,Darrigone,edarrigone1i@dyndns.org,Female,133.203.72.164
55 Leone,Player,lplayer1j@yale.edu,Female,138.53.153.151
56 Shelby,Bleckly,sbleckly1k@furl.net,Female,253.157.66.41
57 Pattie,Kinghorne,pkinghorne1l@yandex.ru,Female,12.134.106.68
58 Simonne,Gobbet,sgobbet1m@weebly.com,Female,100.174.223.118
59 Gabey,Bambridge,gbambridge1n@livejournal.com,Genderfluid,82.192.168.59
60 Dewitt,Lau,dlau1o@jugem.jp,Male,88.52.131.189
61 Cindie,Tomsen,ctomsen1p@google.fr,Female,232.192.151.57
62 Allard,Casazza,acasazza1q@cargocollective.com,Male,187.247.179.200
63 Tucker,Cortez,tcortez1r@ovh.net,Male,236.143.145.40
64 Magdalene,Copin,mcopin1s@flavors.me,Female,156.78.151.205
65 Manya,Seiter,mseiter1t@sfgate.com,Female,203.44.10.150
66 Gretel,Grigorini,ggrigorini1u@washingtonpost.com,Female,4.44.120.175
67 Melany,Vannikov,mvannikov1v@ucla.edu,Female,154.154.117.78
68 Lonee,Milbank,lmilbank1w@purevolume.com,Female,68.226.48.238
69 Jacquette,Wyness,jwyness1x@cdbaby.com,Female,4.33.223.204
70 Arturo,Warret,awarret1y@dropbox.com,Male,222.253.238.245
71 Murvyn,Pellissier,mpellissier1z@opensource.org,Male,249.2.230.107
72 Tommie,Scholler,tscholler20@nationalgeographic.com,Male,134.57.247.201
73 Bernadene,Leeb,bleeb21@themeforest.net,Female,128.161.110.182
74 Austen,Fenck,afenck22@jimdo.com,Male,142.183.157.218
75 Emlyn,Hewins,ehewins23@digg.com,Female,177.39.227.160
76 Harcourt,Crocken,hcrocken24@alexa.com,Polygender,167.14.173.172
77 Dari,Gymlett,dgymlett25@squidoo.com,Female,213.104.227.45
78 Karlen,Ibell,kibell26@eventbrite.com,Female,60.200.65.233
79 Marja,Volkers,mvolkers27@list-manage.com,Female,44.202.75.237
80 Tomaso,Seamans,tseamans28@mlb.com,Male,36.14.239.147
81 Mort,Nemchinov,mnemchinov29@adobe.com,Male,47.23.199.82
82 Burgess,McGuggy,bmcguggy2a@symantec.com,Male,8.108.39.76
83 Jemmy,Wildgoose,jwildgoose2b@cdbaby.com,Female,96.245.23.25
84 Donetta,Ginity,dginity2c@technorati.com,Female,180.174.11.99
85 Chase,Bestiman,cbestiman2d@microsoft.com,Male,115.78.66.174
86 Ardella,Davidsen,adavidsen2e@boston.com,Female,148.205.109.6
87 Lombard,Gowrie,lgowrie2f@ezinearticles.com,Male,131.137.185.230
88 Dewie,Costerd,dcosterd2g@bigcartel.com,Male,178.230.46.222
89 Simeon,Rizzi,srizzi2h@usda.gov,Male,208.78.22.202
90 Xena,Wudeland,xwudeland2i@topsy.com,Female,59.185.134.4
91 Cari,Stork,cstork2j@sina.com.cn,Polygender,78.51.90.234
92 Horton,Brierly,hbrierly2k@sina.com.cn,Male,234.103.48.249
93 Inglebert,Stubbins,istubbins2l@usgs.gov,Male,27.203.27.57
94 Sarah,Benley,sbenley2m@com.com,Female,192.234.197.95
95 Karyn,Graundisson,kgraundisson2n@dell.com,Female,183.183.47.6
96 Mady,Gridley,mgridley2o@yellowpages.com,Female,64.87.8.210
97 Dietrich,Tart,dtart2p@squidoo.com,Male,114.175.71.85
98 Morrie,Yearnes,myearnes2q@youku.com,Male,185.237.251.197
99 Clo,Bernard,cbernard2r@liveinternet.ru,Female,160.65.115.134
100 Willy,Pershouse,wpershouse2s@freewebs.com,Male,179.192.38.194
101 Starla,Cartwright,scartwright2t@businesswire.com,Female,209.61.45.203
102 Kipp,Oldrey,koldrey2u@storify.com,Male,237.250.48.249
103 Jefferey,Grishenkov,jgrishenkov2v@google.ca,Male,119.251.239.226
104 Rodney,Gifford,rgifford2w@digg.com,Male,228.138.146.104
105 Borg,Shirtliff,bshirtliff2x@studiopress.com,Male,177.169.126.73
106 Megan,Passman,mpassman2y@linkedin.com,Female,196.233.81.7
107 Elfrieda,McConigal,emcconigal2z@example.com,Female,14.223.137.245
108 Regina,Monksfield,rmonksfield30@dagondesign.com,Female,88.176.13.92
109 Dag,Smythe,dsmythe31@prweb.com,Male,216.172.30.29
110 Minerva,Blaskett,mblaskett32@newsvine.com,Female,86.228.162.156
111 Aldis,Sisey,asisey33@skyrock.com,Male,175.19.186.81
112 Kiersten,Hoffman,khoffman34@istockphoto.com,Female,192.160.158.107
113 Cyrill,Maltby,cmaltby35@storify.com,Male,229.82.177.114
114 Burr,Lampl,blampl36@oakley.com,Genderqueer,134.194.186.16
115 Hamid,Digance,hdigance37@paypal.com,Male,43.111.26.208
116 Cristen,Filov,cfilov38@weibo.com,Female,136.24.117.174
117 Arly,Dome,adome39@topsy.com,Female,142.17.73.124
118 Dina,Nelsen,dnelsen3a@webs.com,Female,90.119.168.0
119 Quintin,Bickerdike,qbickerdike3b@businessweek.com,Male,97.113.103.210
120 Sharon,Kennealy,skennealy3c@discovery.com,Female,60.244.184.84
121 Adam,Soames,asoames3d@reuters.com,Male,214.5.152.88
122 Pearline,Chrispin,pchrispin3e@time.com,Genderqueer,182.63.194.190
123 Goldie,Tibols,gtibols3f@unc.edu,Female,77.174.206.173
124 Tamas,Busain,tbusain3g@imgur.com,Male,128.131.113.82
125 Conrado,Meatcher,cmeatcher3h@wikipedia.org,Male,173.80.97.230
126 Franklin,Carden,fcarden3i@sfgate.com,Male,72.82.181.225
127 Pietro,Wrinch,pwrinch3j@bloglovin.com,Male,177.6.183.190
128 Allen,Enterlein,aenterlein3k@ed.gov,Male,227.114.178.229
129 Bronnie,Kienle,bkienle3l@com.com,Male,244.220.210.186
130 Fiorenze,Shalcras,fshalcras3m@google.com,Female,203.35.89.123
131 Shani,Shoppee,sshoppee3n@chron.com,Female,234.248.43.233
132 Eugene,Derry,ederry3o@jalbum.net,Male,197.204.250.8
133 Maressa,Levene,mlevene3p@europa.eu,Female,168.193.36.146
134 Malvina,Halfacree,mhalfacree3q@dagondesign.com,Female,71.247.30.63
135 Davy,Timmens,dtimmens3r@artisteer.com,Agender,2.151.61.10
136 Noemi,Kertess,nkertess3s@nationalgeographic.com,Female,49.184.56.160
137 Ashil,Arnald,aarnald3t@nydailynews.com,Female,40.221.140.188
138 Jory,Niblo,jniblo3u@patch.com,Male,13.45.181.36
139 Jo,Peasegod,jpeasegod3v@ameblo.jp,Male,247.185.173.193
140 Reinaldo,Aggs,raggs3w@vistaprint.com,Male,96.168.130.249
141 Lemmy,Klassmann,lklassmann3x@com.com,Male,36.195.181.211
142 Anthea,Petruska,apetruska3y@nationalgeographic.com,Agender,147.155.126.11
143 Giraud,Matissoff,gmatissoff3z@php.net,Male,234.124.12.107
144 Eliot,York,eyork40@ucoz.com,Male,35.31.53.83
145 Willow,Vakhrushin,wvakhrushin41@bandcamp.com,Female,71.68.201.34
146 Phil,Barling,pbarling42@foxnews.com,Male,115.23.37.79
147 Winona,Cunde,wcunde43@ning.com,Female,162.15.38.182
148 Annalise,Jagiela,ajagiela44@webnode.com,Female,80.86.4.108
149 Georgia,Trigwell,gtrigwell45@msn.com,Female,87.88.224.236
150 Felizio,Linsley,flinsley46@live.com,Male,60.81.24.93
151 Reese,O'Kennedy,rokennedy47@lulu.com,Male,119.211.6.127
152 Brucie,Temlett,btemlett48@twitter.com,Male,28.45.49.56
153 Harlene,Greenall,hgreenall49@wunderground.com,Female,90.127.124.11
154 Johnathon,Champkins,jchampkins4a@slate.com,Male,6.102.60.20
155 Vally,Hemms,vhemms4b@un.org,Female,47.11.199.177
156 Donica,Harsnep,dharsnep4c@godaddy.com,Female,213.104.122.174
157 Nancie,Postan,npostan4d@reference.com,Female,238.91.128.131
158 Wilburt,Randles,wrandles4e@hugedomains.com,Male,64.7.168.207
159 Phylis,Fey,pfey4f@mashable.com,Female,82.228.246.253
160 Merrilee,Plott,mplott4g@toplist.cz,Female,131.206.172.70
161 Hadlee,Woodyeare,hwoodyeare4h@unc.edu,Male,162.54.102.130
162 Putnam,Ogus,pogus4i@ning.com,Male,248.166.216.180
163 Ursala,Brunger,ubrunger4j@flickr.com,Female,47.52.237.73
164 Aldin,Brookz,abrookz4k@icq.com,Male,135.182.191.244
165 Sandi,Pirson,spirson4l@opera.com,Female,146.247.138.184
166 Eugenie,MacGaughie,emacgaughie4m@sbwire.com,Female,111.186.183.53
167 Delmar,Strathdee,dstrathdee4n@people.com.cn,Male,49.218.238.151
168 Horatius,Cassley,hcassley4o@scribd.com,Male,63.41.219.24
169 Aguistin,Schulken,aschulken4p@e-recht24.de,Male,253.64.172.190
170 Betti,Haddeston,bhaddeston4q@youtu.be,Non-binary,29.85.250.135
171 Agneta,Fidock,afidock4r@php.net,Female,190.229.194.70
172 Lesley,Farnfield,lfarnfield4s@51.la,Male,44.232.61.49
173 Millicent,Pallent,mpallent4t@apple.com,Bigender,57.147.184.156
174 Myca,Dumbrell,mdumbrell4u@lulu.com,Male,12.46.235.215
175 Fremont,Manach,fmanach4v@ning.com,Male,20.212.65.240
176 Mateo,Winyard,mwinyard4w@cnbc.com,Male,127.134.242.197
177 Barbe,Twitching,btwitching4x@bigcartel.com,Female,41.71.94.86
178 Augusta,Espada,aespada4y@multiply.com,Female,240.152.220.237
179 Mitch,Tomsa,mtomsa4z@hubpages.com,Male,87.49.98.163
180 Napoleon,Dofty,ndofty50@youtube.com,Male,232.82.75.122
181 Kirstyn,Jaggard,kjaggard51@cnbc.com,Non-binary,119.131.38.125
182 Janna,Whitsun,jwhitsun52@webnode.com,Female,174.72.200.94
183 Beckie,Meuse,bmeuse53@skype.com,Female,253.246.203.248
184 Normie,Salmen,nsalmen54@statcounter.com,Male,231.44.110.83
185 Jaimie,Bealing,jbealing55@wiley.com,Male,63.146.37.152
186 Cookie,Shale,cshale56@whitehouse.gov,Female,53.64.131.18
187 Cristiano,Batrim,cbatrim57@ucsd.edu,Male,84.51.185.137
188 Kellen,Wrightson,kwrightson58@harvard.edu,Female,155.62.238.44
189 Gustav,Bloxland,gbloxland59@exblog.jp,Agender,130.121.186.5
190 Gayelord,Tidcombe,gtidcombe5a@about.com,Male,127.26.236.203
191 Boote,Bowes,bbowes5b@nature.com,Male,2.183.210.184
192 Bevon,Jaffa,bjaffa5c@google.ca,Male,169.127.141.69
193 Mufinella,Challis,mchallis5d@multiply.com,Female,16.80.118.154
194 Pall,Emma,pemma5e@un.org,Male,149.89.41.123
195 Aurelie,Vlasov,avlasov5f@printfriendly.com,Female,239.184.151.179
196 Kirstyn,Kilpatrick,kkilpatrick5g@reuters.com,Agender,22.248.109.234
197 Andonis,Savage,asavage5h@who.int,Male,214.71.24.146
198 Dom,Clackers,dclackers5i@aol.com,Male,184.211.219.197
199 Aleta,Rosten,arosten5j@oaic.gov.au,Female,230.211.129.184
200 Paulina,Capper,pcapper5k@yahoo.com,Female,103.243.190.147
201 Abbie,Lathey,alathey5l@mapquest.com,Male,100.197.143.68
202 Bevvy,Copcote,bcopcote5m@economist.com,Female,147.8.112.62
203 Ardyce,Madrell,amadrell5n@house.gov,Female,126.172.37.63
204 Eran,Withers,ewithers5o@gizmodo.com,Polygender,111.84.44.147
205 Son,Evans,sevans5p@state.gov,Male,188.146.8.227
206 Sharleen,Desborough,sdesborough5q@dot.gov,Female,34.65.186.123
207 Lilah,Briat,lbriat5r@dmoz.org,Female,112.191.48.76
208 Annalee,Steane,asteane5s@thetimes.co.uk,Female,139.146.74.120
209 Bertram,Djurevic,bdjurevic5t@blogspot.com,Male,61.215.134.8
210 Betta,Corbitt,bcorbitt5u@earthlink.net,Agender,193.22.70.93
211 Tome,Chrismas,tchrismas5v@mapy.cz,Male,50.241.135.56
212 Elsworth,Borgne,eborgne5w@netvibes.com,Male,214.103.7.131
213 Aurea,Colbron,acolbron5x@godaddy.com,Female,53.50.187.171
214 Cooper,Devennie,cdevennie5y@seesaa.net,Male,91.78.69.22
215 Buddie,Towns,btowns5z@barnesandnoble.com,Male,36.76.3.219
216 Pierre,Cuerda,pcuerda60@oaic.gov.au,Male,226.38.10.127
217 Jenilee,Yglesia,jyglesia61@archive.org,Female,66.22.136.194
218 Agnes,Desbrow,adesbrow62@123-reg.co.uk,Female,85.214.190.48
219 Hermy,Lethbridge,hlethbridge63@quantcast.com,Male,241.186.66.74
220 Mei,Itzhaki,mitzhaki64@yale.edu,Female,92.43.48.222
221 Wandie,Bradder,wbradder65@t.co,Female,216.155.87.126
222 Linn,Boner,lboner66@wordpress.com,Female,252.191.208.160
223 Janessa,Syson,jsyson67@cnet.com,Female,191.193.70.238
224 Clemmy,Giroldo,cgiroldo68@tiny.cc,Male,129.1.195.207
225 Jehu,Gartshore,jgartshore69@sohu.com,Male,133.11.123.87
226 Calypso,Hembling,chembling6a@diigo.com,Female,209.239.61.78
227 Michele,Dorsey,mdorsey6b@arizona.edu,Male,169.156.168.174
228 Brendis,Noe,bnoe6c@altervista.org,Male,138.217.168.131
229 Drucy,McClarence,dmcclarence6d@diigo.com,Female,24.224.5.166
230 Sutherlan,Goodoune,sgoodoune6e@wunderground.com,Male,239.44.230.226
231 Calv,Gutcher,cgutcher6f@google.com.br,Male,197.9.108.192
232 Andee,Loiterton,aloiterton6g@acquirethisname.com,Bigender,244.127.233.97
233 Gilligan,Cheltnam,gcheltnam6h@naver.com,Female,215.17.218.166
234 Perice,Rump,prump6i@mail.ru,Male,254.152.149.56
235 Hillie,Wanka,hwanka6j@arstechnica.com,Male,167.60.195.179
236 Ephrem,Ames,eames6k@nps.gov,Male,178.139.90.80
237 Wes,Wiersma,wwiersma6l@foxnews.com,Male,222.121.135.103
238 Alano,Do Rosario,adorosario6m@360.cn,Male,226.234.100.207
239 Aeriell,Addeycott,aaddeycott6n@shop-pro.jp,Genderqueer,247.239.98.249
240 Alexandro,Gatenby,agatenby6o@theglobeandmail.com,Male,120.27.247.72
241 Rupert,Hinemoor,rhinemoor6p@blogger.com,Male,96.74.129.203
242 Henrieta,Quickenden,hquickenden6q@businessinsider.com,Female,21.171.44.236
243 Livvy,Marciskewski,lmarciskewski6r@dot.gov,Female,5.247.198.190
244 Mandie,Rawlison,mrawlison6s@marriott.com,Female,221.255.121.204
245 Valerie,Horsefield,vhorsefield6t@cbsnews.com,Female,178.27.7.239
246 Monti,Swan,mswan6u@gnu.org,Male,77.198.221.39
247 Poul,Ellicock,pellicock6v@constantcontact.com,Male,220.200.25.41
248 Marshall,Nichols,mnichols6w@businesswire.com,Male,3.152.65.137
249 Tann,Avramchik,tavramchik6x@fotki.com,Male,143.175.254.140
250 Bettina,Matts,bmatts6y@mapy.cz,Female,225.241.131.235
251 Renaud,Pereira,rpereira6z@bigcartel.com,Male,235.79.255.138
252 Reilly,Giraudoux,rgiraudoux70@shinystat.com,Male,52.235.74.49
253 Daniela,Haddinton,dhaddinton71@nps.gov,Bigender,153.206.173.118
254 Mahmud,Tidball,mtidball72@wired.com,Male,6.198.58.41
255 Winnie,Caunt,wcaunt73@yale.edu,Female,139.180.143.41
256 Lina,Cyphus,lcyphus74@harvard.edu,Genderqueer,180.138.120.213
257 Anna-diane,Bakhrushin,abakhrushin75@ocn.ne.jp,Female,228.131.232.117
258 Ebonee,Shivlin,eshivlin76@dion.ne.jp,Female,47.160.37.179
259 Martguerita,Vest,mvest77@gizmodo.com,Female,187.153.48.60
260 Lem,Tillett,ltillett78@sohu.com,Male,170.243.53.109
261 Brian,Risley,brisley79@google.de,Male,36.90.199.56
262 Hadlee,Le Blanc,hleblanc7a@dailymail.co.uk,Male,199.248.150.133
263 Cello,Tilt,ctilt7b@altervista.org,Male,66.53.83.163
264 Henri,Boldra,hboldra7c@123-reg.co.uk,Male,19.163.203.77
265 Maurine,Armistead,marmistead7d@ibm.com,Female,170.8.44.7
266 Siusan,Ghirigori,sghirigori7e@desdev.cn,Polygender,35.142.76.254
267 Bradford,Dowsing,bdowsing7f@yale.edu,Male,250.246.147.52
268 Rosaline,McNeachtain,rmcneachtain7g@dagondesign.com,Female,100.134.113.187
269 Shayne,Ridout,sridout7h@msn.com,Male,51.25.46.86
270 Libbey,Luckin,lluckin7i@csmonitor.com,Female,200.12.220.234
271 Demetra,Rawsthorne,drawsthorne7j@pinterest.com,Female,138.70.92.74
272 Bartlet,Hellen,bhellen7k@gov.uk,Male,167.136.163.73
273 Sven,Eykelhof,seykelhof7l@adobe.com,Male,69.235.103.68
274 Gillian,Lennie,glennie7m@google.co.jp,Female,18.26.121.17
275 Leesa,Taylour,ltaylour7n@webeden.co.uk,Female,60.250.96.174
276 Harvey,Izon,hizon7o@dmoz.org,Bigender,172.149.225.67
277 Kingston,Chimienti,kchimienti7p@pcworld.com,Male,192.216.252.156
278 Glynis,Chalker,gchalker7q@youtu.be,Polygender,27.39.31.12
279 Thomas,Di Carli,tdicarli7r@joomla.org,Male,124.14.87.36
280 Tris,Housego,thousego7s@cnbc.com,Male,248.8.55.215
281 Skipper,Philippeaux,sphilippeaux7t@cisco.com,Male,231.141.196.61
282 Nanci,Frankish,nfrankish7u@pagesperso-orange.fr,Non-binary,99.78.238.129
283 Sisely,Thickpenny,sthickpenny7v@usatoday.com,Female,4.61.127.47
284 Birdie,Le Gassick,blegassick7w@tripadvisor.com,Female,227.112.144.149
285 Germaine,Gorey,ggorey7x@virginia.edu,Male,185.100.255.189
286 Florence,Stranks,fstranks7y@godaddy.com,Female,209.62.0.246
287 Durand,Andrusyak,dandrusyak7z@tripod.com,Genderfluid,27.79.210.147
288 Jehu,Lisciandri,jlisciandri80@prlog.org,Male,246.233.182.251
289 Kandy,Woodvine,kwoodvine81@gov.uk,Genderqueer,137.255.34.166
290 Chelsy,Ivashkin,civashkin82@amazon.co.uk,Female,192.221.93.159
291 Dillon,Jan,djan83@usatoday.com,Male,128.12.43.46
292 Arturo,Branchet,abranchet84@mashable.com,Agender,88.223.118.232
293 Ernaline,Balkwill,ebalkwill85@jalbum.net,Female,150.206.212.20
294 Guendolen,Dowsing,gdowsing86@yelp.com,Female,168.119.98.86
295 Alexandr,Gorgen,agorgen87@theguardian.com,Male,50.48.40.128
296 Danyette,Cajkler,dcajkler88@hostgator.com,Female,149.24.151.15
297 Tina,Popplestone,tpopplestone89@etsy.com,Female,115.48.201.241
298 Mimi,Matteau,mmatteau8a@netscape.com,Female,253.39.231.188
299 Leonidas,Sparwell,lsparwell8b@wired.com,Male,74.100.29.194
300 Felice,Dik,fdik8c@opera.com,Female,192.185.109.71
301 Timmie,Blare,tblare8d@wikimedia.org,Female,33.190.11.87
302 Letty,Cable,lcable8e@artisteer.com,Genderqueer,156.245.89.143
303 Janith,Culleford,jculleford8f@sciencedirect.com,Bigender,246.137.57.79
304 Diena,Goodburn,dgoodburn8g@gizmodo.com,Polygender,222.252.101.117
305 Pamella,Baudon,pbaudon8h@sitemeter.com,Genderqueer,157.234.173.247
306 Munroe,Titcomb,mtitcomb8i@over-blog.com,Male,108.206.234.224
307 Kerwinn,Crichton,kcrichton8j@technorati.com,Male,94.152.210.47
308 Gaby,Gerretsen,ggerretsen8k@infoseek.co.jp,Male,78.93.95.17
309 Pia,Kennefick,pkennefick8l@about.me,Female,21.186.220.128
310 Minny,Gauvain,mgauvain8m@buzzfeed.com,Female,200.95.231.141
311 Myrna,Lawey,mlawey8n@fda.gov,Genderqueer,0.66.166.42
312 Ilaire,Marc,imarc8o@t.co,Male,47.177.35.235
313 Gabbie,Czapla,gczapla8p@ucoz.ru,Male,107.56.190.70
314 Perri,Stango,pstango8q@soundcloud.com,Female,191.242.101.249
315 Em,Wastell,ewastell8r@a8.net,Female,219.70.140.186
316 Carrissa,Shea,cshea8s@cbslocal.com,Female,17.69.196.106
317 Davida,Rushbury,drushbury8t@nymag.com,Female,104.3.174.118
318 Kori,Pyburn,kpyburn8u@clickbank.net,Female,15.150.110.131
319 Jeffy,Selman,jselman8v@mit.edu,Male,85.209.141.103
320 Sanderson,Whawell,swhawell8w@icio.us,Male,170.46.16.198
321 Carmita,McIlwreath,cmcilwreath8x@github.com,Female,102.201.187.110
322 Milka,Josefowicz,mjosefowicz8y@opensource.org,Female,8.194.166.239
323 Ellery,Kincaid,ekincaid8z@google.pl,Male,119.141.146.155
324 Laurie,Prayer,lprayer90@unblog.fr,Female,50.82.187.117
325 Ber,Darte,bdarte91@baidu.com,Male,255.150.199.130
326 Claudie,Arnaldi,carnaldi92@about.me,Female,75.132.131.251
327 Yorgos,Morratt,ymorratt93@microsoft.com,Male,185.207.199.199
328 Urban,Grodden,ugrodden94@nymag.com,Male,221.226.10.44
329 Kristoforo,Benediktovich,kbenediktovich95@phoca.cz,Male,137.184.142.255
330 Heath,Hodgets,hhodgets96@archive.org,Male,198.250.51.196
331 Phineas,Chalder,pchalder97@scribd.com,Male,168.14.174.7
332 Hobart,Pezey,hpezey98@scribd.com,Male,250.246.251.199
333 Constance,Franzelini,cfranzelini99@blog.com,Female,134.16.132.25
334 Oneida,Handrik,ohandrik9a@craigslist.org,Female,84.214.10.150
335 Aluino,Kleinsmuntz,akleinsmuntz9b@europa.eu,Non-binary,94.165.120.151
336 Velvet,Howley,vhowley9c@rediff.com,Female,230.209.143.159
337 Fons,Dawe,fdawe9d@usgs.gov,Male,108.58.173.54
338 Esra,Alennikov,ealennikov9e@dion.ne.jp,Polygender,141.104.30.228
339 Ernest,Dannohl,edannohl9f@slashdot.org,Male,82.192.202.92
340 Ethe,Larmet,elarmet9g@drupal.org,Male,162.160.57.225
341 Alejandro,Berggren,aberggren9h@sina.com.cn,Male,12.210.107.178
342 Rianon,Rose,rrose9i@princeton.edu,Non-binary,79.71.127.178
343 Tam,Choke,tchoke9j@apple.com,Male,25.217.86.5
344 Bamby,Alflatt,balflatt9k@weather.com,Female,5.131.167.249
345 Lyon,Fried,lfried9l@psu.edu,Male,3.109.132.110
346 Consuelo,Summerson,csummerson9m@yolasite.com,Female,29.22.111.116
347 Benito,Axton,baxton9n@weather.com,Male,157.13.212.209
348 Darlleen,Bottelstone,dbottelstone9o@loc.gov,Polygender,165.131.9.49
349 Flossi,Keedwell,fkeedwell9p@fotki.com,Female,150.249.157.117
350 Vito,Springell,vspringell9q@taobao.com,Male,249.78.0.162
351 Simonette,Willoughby,swilloughby9r@cyberchimps.com,Female,227.188.222.232
352 Britney,Rankin,brankin9s@sitemeter.com,Polygender,102.50.215.177
353 Ginnifer,Bogges,gbogges9t@mozilla.com,Female,62.53.98.121
354 Ethelbert,Van Niekerk,evanniekerk9u@hp.com,Male,31.151.229.129
355 Hobie,Dugdale,hdugdale9v@dyndns.org,Male,150.141.248.187
356 Rolfe,Hutchinges,rhutchinges9w@who.int,Male,128.143.230.129
357 Elene,Danilin,edanilin9x@webeden.co.uk,Agender,0.44.181.249
358 Gwenette,Fumagallo,gfumagallo9y@ustream.tv,Female,38.101.38.3
359 Kass,Daunter,kdaunter9z@storify.com,Female,73.233.39.253
360 Karlis,O'Neill,koneilla0@amazon.co.uk,Male,219.16.171.232
361 Lyell,Corroyer,lcorroyera1@jalbum.net,Male,94.121.222.144
362 Murdock,Acland,maclanda2@hexun.com,Male,167.10.165.187
363 Ugo,Stronack,ustronacka3@friendfeed.com,Male,173.205.80.239
364 Kally,Marmyon,kmarmyona4@alexa.com,Female,165.86.238.42
365 Debra,Parcall,dparcalla5@google.ca,Female,92.134.143.65
366 Grannie,Traice,gtraicea6@cnet.com,Male,166.176.82.65
367 Lissy,Inglesfield,linglesfielda7@gravatar.com,Female,151.40.55.137
368 Scot,Trahear,straheara8@paginegialle.it,Male,104.26.235.48
369 Tamra,Kipling,tkiplinga9@wikispaces.com,Female,63.7.61.78
370 Evelyn,Yielding,eyieldingaa@timesonline.co.uk,Bigender,77.202.218.217
371 Amalee,Tait,ataitab@360.cn,Female,192.77.38.195
372 Ber,Falconer-Taylor,bfalconertaylorac@time.com,Male,185.71.251.116
373 Jeddy,Behning,jbehningad@ask.com,Male,93.61.246.80
374 Toma,Shirrell,tshirrellae@netscape.com,Female,151.15.54.250
375 Cristal,Grellier,cgrellieraf@paypal.com,Female,2.37.86.36
376 Janel,Traves,jtravesag@naver.com,Female,11.241.178.213
377 Ketti,Crosio,kcrosioah@privacy.gov.au,Female,248.175.48.47
378 Kerry,Yegorshin,kyegorshinai@webs.com,Female,198.241.86.43
379 Roderic,Buie,rbuieaj@nbcnews.com,Male,135.59.134.114
380 Whitaker,Skoyles,wskoylesak@cmu.edu,Male,28.98.155.160
381 Maurits,Thraves,mthravesal@dyndns.org,Male,113.210.93.13
382 Shauna,Humbey,shumbeyam@google.ca,Female,22.215.71.130
383 Carlota,Bone,cbonean@omniture.com,Female,116.147.82.42
384 Zorana,Knill,zknillao@stanford.edu,Female,198.9.190.14
385 Hastings,Braim,hbraimap@biblegateway.com,Polygender,115.254.232.227
386 Alejandro,Limprecht,alimprechtaq@parallels.com,Agender,31.3.215.179
387 Humfrey,Alsop,halsopar@nasa.gov,Male,176.139.105.123
388 Myrilla,Rofe,mrofeas@flavors.me,Female,247.58.26.248
389 Haily,Teek,hteekat@gmpg.org,Male,174.33.197.113
390 Carole,Conre,cconreau@sphinn.com,Female,57.189.102.106
391 Oona,Ladlow,oladlowav@geocities.jp,Agender,208.253.0.103
392 El,Wadforth,ewadforthaw@webmd.com,Agender,196.138.213.143
393 Joelly,Lugton,jlugtonax@reverbnation.com,Female,244.240.10.55
394 Vail,Summersby,vsummersbyay@goo.ne.jp,Male,115.181.192.65
395 Caryl,Mellor,cmelloraz@wiley.com,Polygender,54.51.224.245
396 Kelby,Rispine,krispineb0@unicef.org,Male,55.223.118.202
397 Anderea,Jaquet,ajaquetb1@google.com.au,Female,24.53.77.254
398 Mignonne,Beaushaw,mbeaushawb2@nymag.com,Agender,249.183.19.185
399 Dennison,Heffy,dheffyb3@ebay.com,Male,108.130.177.237
400 Natassia,Virr,nvirrb4@samsung.com,Female,246.204.25.183
401 Matthus,Labeuil,mlabeuilb5@usa.gov,Agender,242.117.36.153
402 Tito,Veld,tveldb6@cpanel.net,Male,139.14.220.117
403 Karyn,Thyng,kthyngb7@xrea.com,Female,1.91.119.213
404 Natty,Delafont,ndelafontb8@so-net.ne.jp,Male,109.165.45.233
405 Godart,MacKain,gmackainb9@tmall.com,Male,218.23.39.71
406 Janot,Camellini,jcamelliniba@networksolutions.com,Non-binary,129.250.217.107
407 Moselle,Hember,mhemberbb@yale.edu,Polygender,70.48.99.87
408 Ruby,Durbyn,rdurbynbc@geocities.com,Female,91.133.214.30
409 Rory,Maggs,rmaggsbd@altervista.org,Male,126.137.168.151
410 Garrard,Kilroy,gkilroybe@studiopress.com,Polygender,230.245.11.116
411 Sapphira,Omar,somarbf@cloudflare.com,Female,152.27.216.12
412 Ingamar,Lithgow,ilithgowbg@nationalgeographic.com,Male,60.136.37.209
413 Harbert,Culverhouse,hculverhousebh@archive.org,Male,204.100.244.68
414 Miner,Rex,mrexbi@globo.com,Male,202.67.39.200
415 Neville,Elcum,nelcumbj@cbslocal.com,Male,105.189.52.167
416 Rodolph,Grafom,rgrafombk@discuz.net,Male,251.144.159.63
417 Clementia,Bulman,cbulmanbl@ihg.com,Female,13.51.66.235
418 Michaelina,Chastagnier,mchastagnierbm@themeforest.net,Female,165.245.116.39
419 Wren,Askam,waskambn@unicef.org,Female,229.230.71.164
420 Averill,Hunton,ahuntonbo@businessinsider.com,Male,89.90.108.120
421 Tommie,Bushell,tbushellbp@clickbank.net,Male,106.179.174.157
422 Hebert,Duro,hdurobq@clickbank.net,Male,17.189.252.19
423 Ethelda,Cloutt,eclouttbr@dyndns.org,Female,36.39.1.28
424 Othello,Paireman,opairemanbs@icq.com,Male,90.194.123.252
425 Stearne,Pitrasso,spitrassobt@theglobeandmail.com,Male,192.193.5.103
426 Yulma,Petto,ypettobu@amazon.co.uk,Male,17.10.174.184
427 Aldous,Mullin,amullinbv@chronoengine.com,Male,222.63.154.90
428 Tildi,Philliskirk,tphilliskirkbw@google.com,Female,207.144.56.44
429 Carmella,Blyth,cblythbx@google.co.jp,Female,43.123.135.42
430 Gino,Squeers,gsqueersby@theatlantic.com,Polygender,142.6.3.61
431 Brunhilda,Djakovic,bdjakovicbz@omniture.com,Female,205.25.99.250
432 Carlyn,Gamlyn,cgamlync0@flickr.com,Female,10.127.242.25
433 Christoffer,McIllroy,cmcillroyc1@ebay.co.uk,Male,157.139.107.79
434 Vonni,Brabant,vbrabantc2@tripadvisor.com,Female,11.139.84.210
435 Vin,Ashwin,vashwinc3@furl.net,Male,45.98.225.205
436 Jeri,Byneth,jbynethc4@163.com,Female,243.145.59.212
437 Beverlee,Danis,bdanisc5@histats.com,Non-binary,52.204.31.64
438 Rufus,Milborn,rmilbornc6@cnbc.com,Male,196.97.94.28
439 Sal,Ritmeyer,sritmeyerc7@redcross.org,Female,206.158.14.52
440 Barnard,Boij,bboijc8@ovh.net,Male,44.55.190.221
441 Daria,Mottershead,dmottersheadc9@odnoklassniki.ru,Female,150.248.233.146
442 Donelle,Cranstone,dcranstoneca@imdb.com,Female,122.28.229.210
443 Casper,Caney,ccaneycb@google.es,Male,131.42.38.100
444 Ezmeralda,Brum,ebrumcc@illinois.edu,Female,79.227.27.127
445 Wiley,Newnham,wnewnhamcd@seattletimes.com,Male,248.10.86.208
446 Baxie,Medgewick,bmedgewickce@amazon.com,Male,172.43.187.203
447 Garek,Nigh,gnighcf@hp.com,Male,55.113.113.203
448 Mattias,Glossup,mglossupcg@github.com,Male,254.170.40.40
449 Cass,Picott,cpicottch@ucsd.edu,Male,1.172.29.227
450 Gian,Barles,gbarlesci@wordpress.org,Male,149.59.111.189
451 Eamon,Carreck,ecarreckcj@imgur.com,Male,164.182.196.3
452 Brad,Gale,bgaleck@dion.ne.jp,Male,139.57.136.51
453 Adriena,Phillpot,aphillpotcl@bravesites.com,Female,72.67.197.250
454 Caryl,Huison,chuisoncm@lycos.com,Polygender,71.99.155.114
455 Camellia,Halburton,chalburtoncn@linkedin.com,Female,2.25.121.108
456 Valera,Saiger,vsaigerco@flavors.me,Female,123.226.39.44
457 Devonna,Methven,dmethvencp@vkontakte.ru,Female,168.224.154.112
458 Tracie,McKibbin,tmckibbincq@cbsnews.com,Female,132.104.146.229
459 Raphaela,McPake,rmcpakecr@sfgate.com,Female,41.248.54.144
460 Lizette,O'Henehan,lohenehancs@usa.gov,Female,155.101.77.175
461 Dorian,Verzey,dverzeyct@godaddy.com,Female,88.114.98.141
462 Francesca,Dunton,fduntoncu@ebay.com,Female,19.198.166.246
463 Bettye,Hawson,bhawsoncv@studiopress.com,Female,140.163.40.197
464 Netta,Cudd,ncuddcw@mozilla.com,Female,71.62.217.189
465 Sanderson,Coultard,scoultardcx@ca.gov,Male,115.74.111.91
466 Merrill,Kneller,mknellercy@dropbox.com,Male,200.49.148.194
467 Igor,Burress,iburresscz@infoseek.co.jp,Male,25.89.98.213
468 Ailsun,Sneden,asnedend0@4shared.com,Non-binary,4.230.72.127
469 Matilda,Stuer,mstuerd1@sbwire.com,Female,10.100.62.113
470 Broddie,Dyster,bdysterd2@chronoengine.com,Male,172.99.56.200
471 Alf,Ipsgrave,aipsgraved3@dagondesign.com,Male,156.242.233.117
472 Mabelle,Ephgrave,mephgraved4@virginia.edu,Female,67.85.179.56
473 Tim,Roja,trojad5@nsw.gov.au,Male,167.117.142.161
474 Ike,Gary,igaryd6@cpanel.net,Male,29.231.166.35
475 Peter,Hannabus,phannabusd7@google.com.hk,Male,232.225.238.232
476 Eloise,Hayzer,ehayzerd8@cdc.gov,Female,92.175.137.52
477 Conroy,Trevaskis,ctrevaskisd9@biblegateway.com,Male,49.89.208.234
478 Roanna,Osboldstone,rosboldstoneda@miibeian.gov.cn,Bigender,89.170.3.194
479 Andee,Spens,aspensdb@guardian.co.uk,Female,174.109.179.27
480 Christin,Palumbo,cpalumbodc@forbes.com,Female,153.213.200.182
481 Herculie,Henriquet,hhenriquetdd@nifty.com,Male,218.82.166.235
482 Farlie,Palleske,fpalleskede@gravatar.com,Male,211.240.9.250
483 Gabey,Dolan,gdolandf@marketwatch.com,Female,113.43.197.162
484 Gwenni,Boorne,gboornedg@1688.com,Female,154.170.90.129
485 Remy,Liston,rlistondh@bravesites.com,Female,183.180.219.95
486 Dorothea,Ruff,druffdi@skype.com,Female,224.112.65.164
487 Taryn,Forty,tfortydj@sina.com.cn,Non-binary,200.8.116.66
488 Tony,Tett,ttettdk@ucla.edu,Male,14.117.2.214
489 Joline,Kovacs,jkovacsdl@ihg.com,Female,52.65.164.18
490 Mohammed,Shurville,mshurvilledm@dot.gov,Male,10.168.165.95
491 Jon,Artharg,jarthargdn@quantcast.com,Male,218.143.15.82
492 Brion,Swift,bswiftdo@paypal.com,Male,41.216.21.162
493 Brose,Cow,bcowdp@1688.com,Male,229.20.21.138
494 Dorita,Sprull,dsprulldq@aol.com,Female,201.145.46.248
495 Donielle,Brouncker,dbrounckerdr@livejournal.com,Female,5.178.160.8
496 Eve,MacNeillie,emacneillieds@admin.ch,Female,199.76.90.243
497 Tanny,McKintosh,tmckintoshdt@linkedin.com,Male,139.26.225.66
498 Wendel,Brasseur,wbrasseurdu@e-recht24.de,Male,219.71.50.118
499 Geoffrey,Jobbing,gjobbingdv@state.gov,Male,42.134.234.253
500 Dorothea,Shelford,dshelforddw@alexa.com,Female,50.93.188.110
501 Cherlyn,Denisovo,cdenisovodx@tamu.edu,Female,104.244.192.199
502 Vernon,Rubes,vrubesdy@ucsd.edu,Male,38.46.164.238
503 Hayyim,Harridge,hharridgedz@china.com.cn,Male,132.18.169.13
504 Francesco,Peert,fpeerte0@eepurl.com,Male,153.218.127.201
505 Jesse,Boyfield,jboyfielde1@xinhuanet.com,Female,244.42.234.186
506 Albrecht,O'Neary,aonearye2@xinhuanet.com,Male,255.102.214.46
507 Tobe,Mack,tmacke3@desdev.cn,Bigender,20.115.244.69
508 Colline,Mecozzi,cmecozzie4@usa.gov,Female,177.191.22.26
509 Ketty,Robertshaw,krobertshawe5@china.com.cn,Female,147.28.231.17
510 Rakel,Crawley,rcrawleye6@hexun.com,Female,143.111.147.4
511 Lynde,Tregonna,ltregonnae7@list-manage.com,Female,143.192.84.38
512 Katuscha,Daubney,kdaubneye8@amazon.co.jp,Female,10.7.135.55
513 Trenton,Catherall,tcatheralle9@va.gov,Male,125.78.19.158
514 Doralin,Simnett,dsimnettea@goodreads.com,Female,50.216.150.57
515 Farly,Dongles,fdongleseb@cocolog-nifty.com,Male,146.79.196.60
516 Mikol,Tingle,mtingleec@t.co,Male,190.212.232.26
517 Delila,Bowick,dbowicked@opensource.org,Female,237.32.11.229
518 Marja,Itzak,mitzakee@bluehost.com,Female,181.27.220.254
519 Violette,Yuryatin,vyuryatinef@techcrunch.com,Non-binary,59.41.124.78
520 Cassie,McColm,cmccolmeg@a8.net,Female,51.111.98.191
521 Morna,Hanington,mhaningtoneh@woothemes.com,Female,33.245.91.71
522 Humfrid,Gillopp,hgilloppei@psu.edu,Genderqueer,209.87.15.181
523 Ray,Burtenshaw,rburtenshawej@webeden.co.uk,Male,45.30.237.74
524 Laurie,Tallow,ltallowek@360.cn,Male,36.108.190.169
525 Goran,Cheeney,gcheeneyel@pen.io,Agender,241.211.197.36
526 Julita,Eisak,jeisakem@seattletimes.com,Female,120.162.16.236
527 Haslett,Perel,hperelen@fotki.com,Male,117.87.239.153
528 Padriac,Peal,ppealeo@sitemeter.com,Male,6.87.234.149
529 Quillan,Sherborne,qsherborneep@youku.com,Male,21.196.139.170
530 Mellisa,Winterborne,mwinterborneeq@wordpress.com,Female,210.182.247.214
531 Winonah,Leemans,wleemanser@furl.net,Female,78.120.79.249
532 Mervin,Gue,mguees@topsy.com,Genderfluid,145.111.166.52
533 Nikolaus,Buttwell,nbuttwellet@nasa.gov,Male,189.141.246.243
534 Claudina,Sizzey,csizzeyeu@foxnews.com,Female,224.108.119.21
535 Russell,Ohrtmann,rohrtmannev@microsoft.com,Male,107.59.70.165
536 Saunders,Conaghan,sconaghanew@cam.ac.uk,Male,31.26.6.213
537 Townsend,Fawdrey,tfawdreyex@cdbaby.com,Male,193.68.25.125
538 Horacio,Pechan,hpechaney@hatena.ne.jp,Male,156.175.125.135
539 Emlyn,Baly,ebalyez@epa.gov,Female,134.221.143.59
540 Douglass,Genney,dgenneyf0@amazonaws.com,Male,135.68.19.191
541 Omero,Biggerdike,obiggerdikef1@sogou.com,Male,25.173.50.173
542 Lydon,Risman,lrismanf2@friendfeed.com,Male,155.49.151.223
543 Zilvia,Haggart,zhaggartf3@ca.gov,Female,124.192.144.95
544 Skippy,Kensall,skensallf4@ed.gov,Male,218.206.54.62
545 Beniamino,Quoit,bquoitf5@naver.com,Male,102.18.52.210
546 Sarine,Rennock,srennockf6@t.co,Female,164.56.167.91
547 Druci,Stoak,dstoakf7@acquirethisname.com,Female,99.122.252.164
548 Milly,Lovekin,mlovekinf8@shop-pro.jp,Female,237.112.117.230
549 Chandal,Nestle,cnestlef9@omniture.com,Female,214.66.99.75
550 Nicolea,Papworth,npapworthfa@github.com,Female,14.74.224.125
551 Kennith,Scrigmour,kscrigmourfb@friendfeed.com,Male,241.159.136.108
552 Devlen,Beardsell,dbeardsellfc@homestead.com,Male,181.251.30.25
553 Chip,Dmych,cdmychfd@businessinsider.com,Male,189.183.253.56
554 Marthena,Meth,mmethfe@forbes.com,Female,110.125.50.109
555 Katherina,Volkers,kvolkersff@webnode.com,Female,28.55.140.191
556 Lucie,Osband,losbandfg@adobe.com,Female,196.184.154.251
557 Kassi,Jermey,kjermeyfh@1688.com,Female,51.3.24.128
558 Joline,Spriddle,jspriddlefi@foxnews.com,Female,180.46.106.28
559 Dom,Escala,descalafj@jimdo.com,Male,213.129.249.57
560 Juanita,Durrant,jdurrantfk@wiley.com,Female,50.183.250.220
561 Robenia,Kempshall,rkempshallfl@rambler.ru,Female,223.158.245.214
562 Pooh,Chalcraft,pchalcraftfm@sina.com.cn,Male,2.153.129.77
563 Gregorio,Erwin,gerwinfn@is.gd,Male,236.171.248.1
564 Stanislaw,Alred,salredfo@earthlink.net,Male,48.74.77.249
565 Fidel,Stood,fstoodfp@creativecommons.org,Male,38.101.45.43
566 Artur,Bingham,abinghamfq@cafepress.com,Male,228.128.104.189
567 Cybill,Gartenfeld,cgartenfeldfr@un.org,Female,149.200.49.217
568 Leshia,Bridgett,lbridgettfs@multiply.com,Female,74.87.72.16
569 Upton,Salthouse,usalthouseft@prlog.org,Male,186.49.116.244
570 Oby,Form,oformfu@npr.org,Male,14.91.54.157
571 Fair,Westall,fwestallfv@ning.com,Polygender,189.118.136.210
572 Marney,Cubbon,mcubbonfw@hubpages.com,Female,229.196.169.65
573 Fenelia,Grigorio,fgrigoriofx@wiley.com,Female,84.224.107.59
574 Skipp,Mounfield,smounfieldfy@uol.com.br,Male,216.116.101.2
575 Thorny,Lipman,tlipmanfz@boston.com,Male,95.30.82.103
576 Benedikta,Berrane,bberraneg0@theatlantic.com,Female,68.244.69.39
577 Georgie,Kleiser,gkleiserg1@engadget.com,Female,60.130.129.2
578 Kane,Degli Antoni,kdegliantonig2@theguardian.com,Male,98.100.23.76
579 Lynnelle,Treweela,ltreweelag3@walmart.com,Female,127.98.130.88
580 Gayler,Crickmore,gcrickmoreg4@reverbnation.com,Male,36.153.93.104
581 Moishe,Ferrettino,mferrettinog5@ftc.gov,Male,104.157.246.252
582 Rachele,Hammonds,rhammondsg6@chicagotribune.com,Female,192.237.122.12
583 Gwyneth,Kubicek,gkubicekg7@tamu.edu,Female,118.62.101.42
584 Millard,Malcolm,mmalcolmg8@a8.net,Male,106.70.10.16
585 Malanie,Girk,mgirkg9@qq.com,Female,243.78.143.237
586 Edgardo,Gorst,egorstga@t.co,Male,119.81.33.168
587 Goddard,Iacovone,giacovonegb@mediafire.com,Male,2.251.141.200
588 Cedric,Rubenchik,crubenchikgc@reddit.com,Male,79.101.42.78
589 Lexie,O' Borne,lobornegd@xinhuanet.com,Female,169.29.192.80
590 Kimberlee,Scorthorne,kscorthornege@disqus.com,Female,126.106.248.149
591 Diann,Sommerville,dsommervillegf@google.com.au,Female,115.216.72.22
592 Doris,Dockrill,ddockrillgg@pbs.org,Female,255.57.53.10
593 Raphael,Milsted,rmilstedgh@dyndns.org,Male,39.190.199.11
594 Maurizia,Babcock,mbabcockgi@icq.com,Female,76.19.191.205
595 Tulley,Moohan,tmoohangj@ftc.gov,Male,78.44.8.135
596 Morris,Twohig,mtwohiggk@alexa.com,Male,162.51.248.222
597 Zaneta,Testo,ztestogl@guardian.co.uk,Bigender,175.151.131.90
598 Mendel,Malloch,mmallochgm@jugem.jp,Male,220.174.161.190
599 Riley,Bordone,rbordonegn@drupal.org,Male,6.59.100.223
600 Alidia,Burndred,aburndredgo@washingtonpost.com,Female,241.209.235.75
601 Estell,Thick,ethickgp@addthis.com,Female,86.157.158.145
602 Emelyne,Crouch,ecrouchgq@hugedomains.com,Female,251.131.33.225
603 Kellby,Yeaman,kyeamangr@sina.com.cn,Male,111.106.93.52
604 Ryan,McQuillen,rmcquillengs@wisc.edu,Male,169.75.54.240
605 Malinda,Gorton,mgortongt@desdev.cn,Female,45.152.126.127
606 Vlad,McIlmurray,vmcilmurraygu@odnoklassniki.ru,Male,44.218.230.28
607 Geraldine,Bosse,gbossegv@lulu.com,Female,89.188.121.19
608 Lazare,Bercevelo,lbercevelogw@cnet.com,Male,23.245.64.31
609 Lacie,Kleinert,lkleinertgx@shinystat.com,Female,138.66.182.19
610 Sigfrid,Surr,ssurrgy@ezinearticles.com,Male,9.141.62.49
611 Carma,Logg,clogggz@w3.org,Female,139.134.10.23
612 Camila,Stelle,cstelleh0@photobucket.com,Female,246.62.125.197
613 Gilberte,Colton,gcoltonh1@pagesperso-orange.fr,Female,172.22.66.4
614 Kenn,Angliss,kanglissh2@huffingtonpost.com,Male,86.231.184.57
615 Cross,Musker,cmuskerh3@wordpress.org,Non-binary,83.83.56.92
616 Blythe,Bilson,bbilsonh4@irs.gov,Genderqueer,120.8.150.232
617 Fee,Agronski,fagronskih5@ifeng.com,Male,158.6.38.187
618 Domingo,Ben,dbenh6@admin.ch,Male,75.93.101.58
619 Batsheva,Sansom,bsansomh7@house.gov,Female,34.185.4.91
620 Malinda,Ebbetts,mebbettsh8@lycos.com,Female,73.241.237.251
621 Eziechiele,MacGuigan,emacguiganh9@wix.com,Male,194.203.126.51
622 Paco,Stelli,pstelliha@amazon.co.jp,Male,250.103.213.64
623 Aldous,Blackaller,ablackallerhb@mozilla.com,Male,195.118.65.109
624 Ethe,Kalkofer,ekalkoferhc@themeforest.net,Male,16.231.243.93
625 Gusta,Shoveller,gshovellerhd@toplist.cz,Female,39.138.38.91
626 Jacynth,Hefner,jhefnerhe@unblog.fr,Female,108.55.169.185
627 Daniel,Burnes,dburneshf@netvibes.com,Male,131.127.209.152
628 Natale,Hamsson,nhamssonhg@hao123.com,Male,221.40.129.16
629 Nina,Craigie,ncraigiehh@rediff.com,Female,27.57.192.199
630 Carleton,Tayloe,ctayloehi@creativecommons.org,Male,225.176.188.1
631 Ignacio,O'Monahan,iomonahanhj@dailymail.co.uk,Male,182.104.77.152
632 Walther,Charle,wcharlehk@cdc.gov,Male,99.165.0.84
633 Carey,Udie,cudiehl@dyndns.org,Male,150.143.103.132
634 Armand,Toohey,atooheyhm@hostgator.com,Male,38.248.253.19
635 Dewie,Curtis,dcurtishn@vistaprint.com,Male,64.219.199.55
636 Gennifer,Frosdick,gfrosdickho@yolasite.com,Female,83.165.94.197
637 Ebony,Everill,eeverillhp@kickstarter.com,Female,247.130.36.124
638 Jerrie,Callacher,jcallacherhq@behance.net,Male,160.63.213.215
639 Scarface,Gersam,sgersamhr@stumbleupon.com,Male,205.117.229.146
640 Ring,Densun,rdensunhs@typepad.com,Male,247.189.6.91
641 Emalee,Lauxmann,elauxmannht@zdnet.com,Female,175.72.67.246
642 Kathy,Turone,kturonehu@senate.gov,Female,189.141.207.167
643 Tadd,Klimke,tklimkehv@columbia.edu,Male,141.185.11.82
644 Jeana,Petasch,jpetaschhw@angelfire.com,Female,83.18.80.123
645 Darell,Ivanchikov,divanchikovhx@blogtalkradio.com,Female,48.200.4.229
646 Rochell,Scading,rscadinghy@princeton.edu,Female,26.130.54.92
647 Garwin,Reschke,greschkehz@foxnews.com,Male,13.77.161.167
648 Danella,Nother,dnotheri0@facebook.com,Female,67.19.176.221
649 Nissa,Hallwell,nhallwelli1@springer.com,Agender,11.185.249.54
650 Eileen,Prewett,eprewetti2@hhs.gov,Female,124.105.31.190
651 Stanislas,Chellam,schellami3@yellowbook.com,Male,241.104.93.4
652 Flinn,Barrass,fbarrassi4@opera.com,Male,134.44.233.35
653 Kiah,Parlott,kparlotti5@thetimes.co.uk,Female,205.97.57.200
654 Laryssa,Searsby,lsearsbyi6@latimes.com,Female,55.173.204.51
655 Elli,Shadwick,eshadwicki7@tiny.cc,Polygender,121.41.202.46
656 Langston,Hatrey,lhatreyi8@addtoany.com,Male,19.143.130.93
657 Roman,Yakubovics,ryakubovicsi9@usa.gov,Male,56.39.235.56
658 Melinda,Sycamore,msycamoreia@canalblog.com,Female,250.153.69.102
659 Ulberto,Blore,ubloreib@imdb.com,Male,16.3.114.196
660 Loralie,Quant,lquantic@dagondesign.com,Female,249.126.171.80
661 Alica,Van Waadenburg,avanwaadenburgid@yellowpages.com,Female,202.65.81.25
662 Boniface,Fortman,bfortmanie@skyrock.com,Male,131.31.206.11
663 Caddric,Fonso,cfonsoif@blogger.com,Male,242.220.93.194
664 Nathalie,Parzizek,nparzizekig@chronoengine.com,Female,130.45.116.251
665 Kathye,Jephson,kjephsonih@edublogs.org,Female,45.62.108.140
666 Tito,Plant,tplantii@earthlink.net,Male,23.59.97.239
667 Reube,Tremmil,rtremmilij@bbb.org,Male,118.14.118.145
668 Leigh,Lipgens,llipgensik@msu.edu,Male,218.148.111.96
669 Miranda,Lassen,mlassenil@discovery.com,Female,215.216.24.3
670 Arline,Danihel,adanihelim@earthlink.net,Female,64.121.157.154
671 Jordanna,MacMeeking,jmacmeekingin@go.com,Female,132.247.10.115
672 Hadrian,Laidlaw,hlaidlawio@shinystat.com,Male,58.225.224.161
673 Morgan,Corzor,mcorzorip@tumblr.com,Genderqueer,166.250.131.21
674 Ignazio,Comford,icomfordiq@weebly.com,Agender,53.246.72.17
675 Barthel,Hargerie,bhargerieir@ifeng.com,Male,173.28.70.199
676 Jaclin,Di Carlo,jdicarlois@issuu.com,Female,136.169.168.75
677 Vasili,Leddy,vleddyit@cornell.edu,Male,107.98.143.227
678 Christen,Kiddell,ckiddelliu@networksolutions.com,Female,189.194.85.26
679 Georgia,Tyer,gtyeriv@harvard.edu,Female,139.74.212.231
680 Yancey,Mapledorum,ymapledorumiw@a8.net,Male,156.53.87.104
681 Hadley,Markussen,hmarkussenix@techcrunch.com,Male,90.50.28.148
682 Helyn,Ronchka,hronchkaiy@umn.edu,Female,86.186.193.26
683 Arleen,Menego,amenegoiz@weebly.com,Female,178.200.178.138
684 Sindee,Drake,sdrakej0@china.com.cn,Female,194.162.100.164
685 Berkeley,Capron,bcapronj1@cdbaby.com,Male,250.238.170.253
686 Elspeth,Fairman,efairmanj2@unblog.fr,Female,160.236.76.254
687 Kaycee,Deppe,kdeppej3@dyndns.org,Female,127.40.167.231
688 Nora,Ganniclifft,nganniclifftj4@wikimedia.org,Female,178.44.26.166
689 Noll,Yedy,nyedyj5@merriam-webster.com,Male,202.38.13.23
690 Giralda,Tessyman,gtessymanj6@ebay.co.uk,Female,92.68.61.127
691 Pepito,Toombes,ptoombesj7@amazon.co.jp,Male,131.233.139.224
692 Felita,Regler,freglerj8@biblegateway.com,Female,229.42.193.45
693 Kahlil,Nelane,knelanej9@bigcartel.com,Male,48.212.27.121
694 Beverlie,Mongan,bmonganja@qq.com,Female,100.117.175.10
695 Avery,Buddle,abuddlejb@nyu.edu,Male,148.211.208.26
696 Eugine,Tellwright,etellwrightjc@wiley.com,Female,171.255.180.80
697 Reagan,Pridham,rpridhamjd@yellowbook.com,Male,242.68.182.174
698 Shawnee,Josofovitz,sjosofovitzje@homestead.com,Female,50.9.108.127
699 Nancy,Allington,nallingtonjf@yale.edu,Female,20.180.242.14
700 Kettie,Cancott,kcancottjg@storify.com,Female,134.148.239.128
701 Nicolette,Durban,ndurbanjh@123-reg.co.uk,Female,143.30.42.123
702 Boothe,Spitell,bspitellji@gnu.org,Male,180.191.205.78
703 Mikey,Jahnisch,mjahnischjj@skype.com,Male,76.65.108.82
704 Newton,Maytum,nmaytumjk@constantcontact.com,Male,255.9.151.185
705 Shela,Lackey,slackeyjl@fastcompany.com,Bigender,100.178.159.150
706 Cary,Quigg,cquiggjm@washingtonpost.com,Female,241.50.109.218
707 Aldus,Ohms,aohmsjn@hhs.gov,Male,188.163.214.80
708 Mace,Tootell,mtootelljo@wp.com,Male,11.245.254.255
709 Margette,Exall,mexalljp@quantcast.com,Female,43.34.171.233
710 Jessi,Cumine,jcuminejq@dion.ne.jp,Female,84.127.55.138
711 Ad,Nerne,anernejr@nih.gov,Male,61.43.236.133
712 Tad,Lassetter,tlassetterjs@ovh.net,Male,196.252.248.213
713 Leonhard,Weekes,lweekesjt@typepad.com,Male,194.98.129.226
714 Pernell,Ciciura,pciciuraju@wufoo.com,Male,27.229.24.57
715 Demetrius,Timberlake,dtimberlakejv@google.nl,Male,139.238.20.106
716 Sawyere,Bess,sbessjw@smh.com.au,Male,204.160.232.236
717 Daron,Hellin,dhellinjx@cbc.ca,Female,161.132.67.118
718 Pippo,Briskey,pbriskeyjy@smh.com.au,Genderqueer,198.29.217.103
719 Cordy,De Angelo,cdeangelojz@ycombinator.com,Male,229.79.63.200
720 Hallie,Toop,htoopk0@hao123.com,Female,252.225.98.237
721 Marylynne,Shivell,mshivellk1@behance.net,Female,226.67.31.237
722 Barton,Daddow,bdaddowk2@telegraph.co.uk,Male,209.82.151.39
723 Emelen,Gottelier,egottelierk3@alibaba.com,Male,80.143.188.59
724 Dean,Osborne,dosbornek4@weibo.com,Male,160.141.17.148
725 Idalia,Howat,ihowatk5@accuweather.com,Female,153.143.35.68
726 Roseann,Bradock,rbradockk6@storify.com,Female,40.153.39.237
727 Lucky,Vipan,lvipank7@answers.com,Female,61.179.246.68
728 Bride,Cudiff,bcudiffk8@slate.com,Female,93.219.42.175
729 Dyan,Geraldo,dgeraldok9@blogspot.com,Female,153.98.231.6
730 Cathe,Addicote,caddicoteka@engadget.com,Female,134.57.197.82
731 Lucine,Crookall,lcrookallkb@mozilla.org,Female,174.58.244.254
732 Adina,MacKartan,amackartankc@macromedia.com,Female,89.181.139.87
733 Drake,Hazlehurst,dhazlehurstkd@mozilla.com,Male,58.86.20.87
734 Allis,Flemming,aflemmingke@delicious.com,Polygender,36.56.112.51
735 Magda,Scadden,mscaddenkf@loc.gov,Female,195.96.63.142
736 Creighton,Seiter,cseiterkg@google.co.jp,Male,79.63.235.11
737 Ray,Antonucci,rantonuccikh@msu.edu,Male,223.213.126.235
738 Harlene,Nitto,hnittoki@nasa.gov,Female,42.166.158.151
739 Meghan,Wiltshire,mwiltshirekj@cmu.edu,Female,235.60.39.104
740 Sinclare,Ordelt,sordeltkk@kickstarter.com,Male,231.207.32.104
741 Davin,Mingay,dmingaykl@house.gov,Male,236.250.240.9
742 Ruth,Haryngton,rharyngtonkm@kickstarter.com,Female,111.43.47.104
743 Conney,Fraanchyonok,cfraanchyonokkn@narod.ru,Male,205.235.130.220
744 Marigold,Malinowski,mmalinowskiko@salon.com,Female,204.211.41.58
745 Kristopher,Ruzic,kruzickp@goodreads.com,Male,79.164.94.149
746 Jo ann,Rodwell,jrodwellkq@ca.gov,Female,34.201.125.83
747 Hagan,Pleven,hplevenkr@dailymail.co.uk,Male,25.147.37.231
748 Tess,Dearell,tdearellks@reuters.com,Female,57.240.246.10
749 Lilias,Hyslop,lhyslopkt@etsy.com,Female,115.144.73.49
750 Nikaniki,Durbann,ndurbannku@sakura.ne.jp,Female,192.29.86.62
751 Ev,Benzing,ebenzingkv@noaa.gov,Male,197.178.247.136
752 Brandon,Hardcastle,bhardcastlekw@wired.com,Male,17.7.236.88
753 Luciana,Stroban,lstrobankx@netvibes.com,Female,99.27.222.136
754 Jeramey,Bowcher,jbowcherky@reverbnation.com,Male,107.15.160.125
755 Urbain,Leidl,uleidlkz@ycombinator.com,Male,242.59.28.127
756 Florri,Edmonstone,fedmonstonel0@gnu.org,Female,8.163.9.108
757 Taylor,Shackleton,tshackletonl1@cbsnews.com,Male,144.116.7.230
758 Petronilla,Quarrington,pquarringtonl2@dagondesign.com,Female,117.204.220.205
759 Bennett,Gavey,bgaveyl3@surveymonkey.com,Male,208.59.62.75
760 Adlai,Britcher,abritcherl4@time.com,Male,97.49.104.123
761 Heidie,Burgoyne,hburgoynel5@clickbank.net,Female,17.160.1.86
762 Quinton,Piatkowski,qpiatkowskil6@com.com,Male,32.74.3.107
763 Halley,Esselen,hesselenl7@elegantthemes.com,Female,118.197.86.39
764 Filippa,Bazire,fbazirel8@ca.gov,Female,89.109.136.31
765 Leeland,Mitcheson,lmitchesonl9@marketwatch.com,Male,151.195.55.152
766 Eve,Schoolfield,eschoolfieldla@si.edu,Female,140.141.235.96
767 Herb,McAuliffe,hmcauliffelb@meetup.com,Male,250.74.96.106
768 Augie,Jest,ajestlc@dailymotion.com,Male,27.245.51.88
769 Philomena,Filipychev,pfilipychevld@phpbb.com,Female,64.93.89.149
770 Kerry,Clutterbuck,kclutterbuckle@cnbc.com,Female,233.22.59.78
771 Dolf,Clash,dclashlf@senate.gov,Male,202.65.36.252
772 Gallagher,Coytes,gcoyteslg@1und1.de,Male,212.31.172.90
773 Elwin,Morley,emorleylh@istockphoto.com,Male,123.186.127.151
774 Michelle,MacPeake,mmacpeakeli@topsy.com,Female,85.68.181.218
775 Paulie,Selland,psellandlj@loc.gov,Female,226.116.112.114
776 Chrisy,Ridsdale,cridsdalelk@disqus.com,Male,236.64.74.33
777 Raddy,Kelcey,rkelceyll@360.cn,Male,135.219.167.80
778 Bee,Jozefiak,bjozefiaklm@theguardian.com,Female,207.175.73.140
779 Padgett,Bullman,pbullmanln@sogou.com,Male,23.113.238.229
780 Tobi,Willsmore,twillsmorelo@typepad.com,Female,76.241.255.10
781 Geordie,Craker,gcrakerlp@google.nl,Male,51.53.113.120
782 Kendal,Ferencowicz,kferencowiczlq@mediafire.com,Male,63.170.69.4
783 Karel,Kubiczek,kkubiczeklr@dion.ne.jp,Female,138.162.219.205
784 Dylan,Scouse,dscousels@mit.edu,Male,235.16.181.201
785 Roddie,Mayor,rmayorlt@nhs.uk,Male,13.159.18.120
786 Franny,Iianon,fiianonlu@hatena.ne.jp,Male,231.115.19.4
787 Dietrich,Blaydon,dblaydonlv@virginia.edu,Male,118.29.223.195
788 Steve,Pett,spettlw@about.com,Male,213.161.174.86
789 Blakeley,Zambonini,bzamboninilx@ow.ly,Female,10.70.78.96
790 Sancho,Boylan,sboylanly@intel.com,Male,184.43.228.169
791 Nikolia,Keunemann,nkeunemannlz@woothemes.com,Female,187.18.80.235
792 Merrill,Wickson,mwicksonm0@jiathis.com,Genderfluid,106.134.1.229
793 Giovanna,Longmaid,glongmaidm1@biblegateway.com,Female,192.25.179.183
794 Chandal,Follet,cfolletm2@slashdot.org,Non-binary,175.204.3.144
795 Nathaniel,Staneland,nstanelandm3@networksolutions.com,Male,89.198.74.16
796 Gearalt,Grouer,ggrouerm4@wikia.com,Male,7.223.67.128
797 Cosmo,Frudd,cfruddm5@w3.org,Male,75.221.29.146
798 Zebadiah,Brehat,zbrehatm6@yellowpages.com,Male,31.113.22.32
799 Farica,Akrigg,fakriggm7@ucoz.com,Female,185.65.4.28
800 Augustus,Queen,aqueenm8@wired.com,Male,247.84.19.154
801 George,Groombridge,ggroombridgem9@dagondesign.com,Female,244.29.210.44
802 Wilhelmina,Abbatini,wabbatinima@salon.com,Female,250.16.75.238
803 Siana,Janzen,sjanzenmb@jiathis.com,Genderfluid,154.210.142.64
804 Edwin,MacCostye,emaccostyemc@wordpress.com,Male,176.224.238.148
805 Brooke,Fenelow,bfenelowmd@earthlink.net,Male,34.90.78.19
806 Emile,Bleakman,ebleakmanme@fc2.com,Male,157.99.33.221
807 Ivett,Chavez,ichavezmf@dell.com,Female,183.180.9.253
808 Rollo,Wardale,rwardalemg@is.gd,Male,152.46.98.118
809 Hillie,Willoughby,hwilloughbymh@zdnet.com,Male,71.41.12.252
810 Clerc,Hildrew,childrewmi@yellowbook.com,Male,59.139.205.1
811 Layton,Keitch,lkeitchmj@addtoany.com,Male,17.72.7.83
812 Mackenzie,Saiens,msaiensmk@ucsd.edu,Male,80.219.36.125
813 Nikolaus,Sandeson,nsandesonml@amazon.co.jp,Male,216.43.151.77
814 Felicio,Huyche,fhuychemm@joomla.org,Male,4.181.35.132
815 Joleen,Ronaghan,jronaghanmn@g.co,Female,13.255.59.205
816 Romain,Kynsey,rkynseymo@sitemeter.com,Male,252.154.142.42
817 Dollie,Larret,dlarretmp@ebay.co.uk,Female,214.136.246.13
818 Ellsworth,Ryman,erymanmq@bbb.org,Male,30.220.151.95
819 Isadora,Scrimshire,iscrimshiremr@imageshack.us,Female,136.165.123.2
820 Dacia,Purle,dpurlems@archive.org,Female,29.251.14.21
821 Wash,Snowling,wsnowlingmt@yahoo.co.jp,Agender,26.86.53.166
822 Jasmine,Kunzel,jkunzelmu@google.fr,Female,217.232.178.56
823 Danell,Ruppel,druppelmv@squidoo.com,Female,157.243.102.186
824 Guntar,Townsley,gtownsleymw@miitbeian.gov.cn,Bigender,32.117.50.147
825 Stavro,Pavlenko,spavlenkomx@globo.com,Male,126.64.102.98
826 Alice,Woods,awoodsmy@delicious.com,Genderqueer,93.80.133.129
827 Davidde,Arp,darpmz@cargocollective.com,Male,221.199.242.141
828 Pepito,Collecott,pcollecottn0@biblegateway.com,Male,88.198.161.5
829 Win,Rasp,wraspn1@hao123.com,Male,246.199.48.145
830 Renault,Jiroutka,rjiroutkan2@bluehost.com,Male,16.241.184.90
831 Jane,Sitford,jsitfordn3@deviantart.com,Female,234.110.128.219
832 Lesli,Petrina,lpetrinan4@about.me,Polygender,61.140.105.113
833 Izzy,Peete,ipeeten5@studiopress.com,Male,71.210.109.33
834 Casey,Chatters,cchattersn6@ow.ly,Male,50.13.139.105
835 Pepillo,Hanvey,phanveyn7@wufoo.com,Polygender,119.15.254.132
836 Aldis,Longstreet,alongstreetn8@domainmarket.com,Male,67.41.104.216
837 Cassandra,Gilloran,cgillorann9@jimdo.com,Female,0.146.14.66
838 Dick,Issitt,dissittna@cyberchimps.com,Male,92.110.97.93
839 Broderick,Lott,blottnb@engadget.com,Male,11.107.71.76
840 Kaiser,Wellan,kwellannc@google.de,Male,93.33.232.216
841 Tremain,Decaze,tdecazend@posterous.com,Male,103.28.248.46
842 Julienne,Losty,jlostyne@wordpress.com,Female,188.111.26.16
843 Panchito,Flewan,pflewannf@ning.com,Male,104.162.42.248
844 Dallas,Farnfield,dfarnfieldng@apache.org,Male,229.190.160.158
845 Drusilla,Wadeson,dwadesonnh@usgs.gov,Female,18.207.161.234
846 Ernst,Torbeck,etorbeckni@privacy.gov.au,Male,251.110.125.1
847 Tomasina,Linzey,tlinzeynj@indiegogo.com,Female,177.174.163.5
848 Frank,Shuttle,fshuttlenk@shutterfly.com,Male,41.88.140.93
849 Roderigo,Scouse,rscousenl@comcast.net,Male,186.226.136.97
850 Wang,Bundey,wbundeynm@delicious.com,Male,241.56.178.199
851 Cherice,Vasentsov,cvasentsovnn@merriam-webster.com,Female,107.61.193.250
852 Sheffie,Worthing,sworthingno@senate.gov,Male,174.56.139.10
853 Tarrah,Halksworth,thalksworthnp@wikispaces.com,Female,207.13.178.128
854 Hendrik,Saiens,hsaiensnq@sciencedaily.com,Male,113.59.137.4
855 Candis,Selcraig,cselcraignr@mozilla.com,Female,219.3.41.155
856 Phip,Trenoweth,ptrenowethns@timesonline.co.uk,Male,236.228.85.241
857 Norton,Hourihan,nhourihannt@domainmarket.com,Male,236.195.56.156
858 Tiebout,Iacovo,tiacovonu@google.com,Male,155.200.223.53
859 Myrtice,Currier,mcurriernv@feedburner.com,Female,87.8.15.188
860 Evita,Emanuele,eemanuelenw@soup.io,Female,216.188.69.225
861 Crissie,Edgett,cedgettnx@networkadvertising.org,Genderfluid,174.219.152.74
862 Sondra,Ethington,sethingtonny@is.gd,Female,1.138.58.229
863 Josefa,Robe,jrobenz@japanpost.jp,Female,178.57.70.35
864 Deane,Callam,dcallamo0@tamu.edu,Male,204.221.144.44
865 Essie,Grishenkov,egrishenkovo1@blinklist.com,Female,169.79.228.9
866 Filip,Ormston,formstono2@myspace.com,Male,44.213.140.123
867 Shani,Rihosek,srihoseko3@globo.com,Female,121.222.73.6
868 Vanna,Dyster,vdystero4@cbc.ca,Agender,213.252.190.89
869 Zared,Archbell,zarchbello5@acquirethisname.com,Male,61.113.33.0
870 Dolley,Janous,djanouso6@goo.ne.jp,Female,34.194.218.120
871 Maximilianus,Aberdein,maberdeino7@google.pl,Male,114.139.88.88
872 Joe,Kelley,jkelleyo8@java.com,Male,23.12.215.3
873 Rochelle,Paddick,rpaddicko9@craigslist.org,Genderqueer,74.195.247.126
874 Viviene,Johnson,vjohnsonoa@bloglovin.com,Female,45.205.142.24
875 Jenica,Ansill,jansillob@hp.com,Female,119.198.31.183
876 Scarlett,Deave,sdeaveoc@123-reg.co.uk,Female,69.99.177.173
877 Felizio,Britten,fbrittenod@chron.com,Male,164.219.25.40
878 Tobias,Springer,tspringeroe@tamu.edu,Male,245.121.17.52
879 Doyle,Corby,dcorbyof@youku.com,Male,38.216.205.82
880 Juli,Clappson,jclappsonog@bigcartel.com,Female,191.150.210.24
881 Caroline,Battram,cbattramoh@rambler.ru,Female,86.87.209.11
882 Jocelyn,Turn,jturnoi@google.co.uk,Female,104.26.226.231
883 Innis,Eveling,ievelingoj@elegantthemes.com,Male,55.253.221.220
884 Regine,Dabling,rdablingok@weather.com,Female,231.124.151.169
885 Annalise,Sarll,asarllol@si.edu,Female,2.109.243.8
886 Iggie,Pidgeon,ipidgeonom@rakuten.co.jp,Male,31.181.54.255
887 Bennie,Elloy,belloyon@si.edu,Female,251.134.73.231
888 Dallas,Sanpher,dsanpheroo@soup.io,Male,187.67.143.163
889 Ashil,Chazerand,achazerandop@yellowpages.com,Non-binary,128.210.107.69
890 Dewie,Sweeney,dsweeneyoq@geocities.com,Male,107.96.91.206
891 Adler,Shower,ashoweror@tamu.edu,Male,100.158.212.249
892 Raquela,Georgeau,rgeorgeauos@surveymonkey.com,Female,81.157.65.245
893 Janos,Tabourel,jtabourelot@tiny.cc,Male,103.139.228.52
894 Kalle,Holdin,kholdinou@epa.gov,Male,154.223.11.153
895 Linoel,Djordjevic,ldjordjevicov@dell.com,Male,29.145.197.155
896 Geri,Wewell,gwewellow@studiopress.com,Female,105.124.99.67
897 Adrianne,Sheriff,asheriffox@jigsy.com,Female,91.110.132.207
898 Marilyn,Pawelke,mpawelkeoy@usa.gov,Female,203.212.208.37
899 Jessalin,Bullers,jbullersoz@t-online.de,Female,75.114.190.114
900 Estel,Beetham,ebeethamp0@pcworld.com,Polygender,99.31.215.142
901 Walsh,Bazelle,wbazellep1@bigcartel.com,Male,224.74.109.26
902 Gray,Kienlein,gkienleinp2@bluehost.com,Female,117.99.164.81
903 Sibylle,Bwy,sbwyp3@prlog.org,Female,15.192.76.173
904 Dianemarie,Snozzwell,dsnozzwellp4@unblog.fr,Female,97.23.246.183
905 Free,Clemitt,fclemittp5@homestead.com,Non-binary,198.148.10.45
906 Tansy,Mintoff,tmintoffp6@51.la,Female,85.247.115.112
907 Edouard,Bartosch,ebartoschp7@nyu.edu,Male,150.141.215.10
908 Leontyne,Owbridge,lowbridgep8@mlb.com,Polygender,38.146.147.93
909 Colene,Glasscoe,cglasscoep9@mail.ru,Female,71.89.84.110
910 Eulalie,McShane,emcshanepa@ucla.edu,Female,175.197.165.245
911 Benson,Clifft,bclifftpb@sohu.com,Male,1.33.124.171
912 Mariska,Le Franc,mlefrancpc@linkedin.com,Female,99.103.207.166
913 Obadias,Hadgkiss,ohadgkisspd@usnews.com,Male,82.160.105.237
914 Allard,Jacobowits,ajacobowitspe@xinhuanet.com,Male,80.39.77.86
915 Leonidas,Lantiff,llantiffpf@mlb.com,Male,32.147.226.16
916 Darcie,Carlsen,dcarlsenpg@sun.com,Female,97.68.218.88
917 Dorolice,Tunesi,dtunesiph@ebay.com,Female,202.34.43.24
918 Stanleigh,Rudgley,srudgleypi@trellian.com,Male,157.249.83.35
919 Millisent,Shorto,mshortopj@cargocollective.com,Female,34.5.172.143
920 Rosie,Corroyer,rcorroyerpk@stumbleupon.com,Female,40.195.152.149
921 Raven,Larsen,rlarsenpl@canalblog.com,Female,180.3.229.173
922 Schuyler,Eskrick,seskrickpm@illinois.edu,Male,91.104.27.67
923 Jarid,McGonigal,jmcgonigalpn@edublogs.org,Male,225.99.119.189
924 Horton,Staden,hstadenpo@mozilla.org,Male,125.1.99.70
925 Keely,Ridde,kriddepp@i2i.jp,Female,250.49.78.75
926 Regan,Cheal,rchealpq@google.ca,Female,7.136.187.242
927 Danya,Bartram,dbartrampr@opensource.org,Male,69.227.83.136
928 Faun,Picopp,fpicoppps@jimdo.com,Female,111.187.182.11
929 Rinaldo,Jotcham,rjotchampt@java.com,Male,35.82.174.103
930 Rowney,Porcher,rporcherpu@whitehouse.gov,Male,26.252.50.192
931 Rutherford,King,rkingpv@answers.com,Male,180.202.27.18
932 Jilli,Lafflin,jlafflinpw@hud.gov,Female,204.97.87.189
933 Zebulon,Herrero,zherreropx@shop-pro.jp,Male,51.124.129.247
934 Goran,Lacknor,glacknorpy@csmonitor.com,Male,113.198.54.14
935 Frasco,Feckey,ffeckeypz@cam.ac.uk,Male,57.92.107.234
936 Alexina,Miere,amiereq0@google.co.jp,Female,201.62.2.6
937 Edd,April,eaprilq1@bravesites.com,Male,140.224.153.226
938 Bil,Docket,bdocketq2@comcast.net,Male,240.197.123.152
939 Koenraad,Starie,kstarieq3@artisteer.com,Male,80.20.171.227
940 Valeria,Abramow,vabramowq4@va.gov,Female,238.251.112.217
941 Debora,Rodinger,drodingerq5@hc360.com,Female,111.161.135.241
942 Kendricks,Bert,kbertq6@altervista.org,Male,22.31.64.123
943 Ileane,Treeby,itreebyq7@umn.edu,Female,23.13.9.232
944 Valerie,Bourne,vbourneq8@amazon.de,Female,244.164.254.64
945 John,Weaving,jweavingq9@twitter.com,Male,62.129.80.217
946 Abbie,Heardman,aheardmanqa@hubpages.com,Male,63.105.113.21
947 Christos,Izon,cizonqb@constantcontact.com,Male,125.248.71.244
948 Tanney,Tomblin,ttomblinqc@histats.com,Male,234.142.156.114
949 Lucille,Salzberger,lsalzbergerqd@tamu.edu,Female,139.242.120.109
950 Norbert,Stickels,nstickelsqe@walmart.com,Male,159.225.59.167
951 Ambrosius,Du Pre,adupreqf@pen.io,Male,77.78.172.173
952 Lorrie,Nibloe,lnibloeqg@hp.com,Male,162.197.130.86
953 Minnnie,Jaquet,mjaquetqh@fema.gov,Female,147.228.103.82
954 Sena,Causon,scausonqi@paginegialle.it,Female,168.197.13.166
955 Tito,Jayes,tjayesqj@sfgate.com,Male,61.13.212.241
956 Nathanael,Lambirth,nlambirthqk@miitbeian.gov.cn,Male,99.136.98.187
957 Clayborne,Kobel,ckobelql@dedecms.com,Male,93.94.144.77
958 Mirabella,Bill,mbillqm@craigslist.org,Female,51.84.181.146
959 Shannon,Egarr,segarrqn@netlog.com,Female,255.27.20.168
960 Kele,Izsak,kizsakqo@prlog.org,Male,122.48.79.53
961 Markus,Stoltz,mstoltzqp@columbia.edu,Male,234.74.38.58
962 Elsworth,Bencher,ebencherqq@huffingtonpost.com,Male,171.120.119.223
963 Kincaid,Roland,krolandqr@reuters.com,Male,195.249.230.13
964 Edithe,Boagey,eboageyqs@mashable.com,Female,91.210.48.160
965 Nanine,Gonnard,ngonnardqt@reddit.com,Genderqueer,252.206.45.195
966 Dorolice,Fillgate,dfillgatequ@accuweather.com,Polygender,47.104.109.139
967 Aleta,Casarini,acasariniqv@homestead.com,Female,144.99.126.95
968 Chicky,Carayol,ccarayolqw@cloudflare.com,Genderqueer,52.208.187.109
969 Therese,Reekie,treekieqx@adobe.com,Female,228.61.45.65
970 Wolfy,McFie,wmcfieqy@intel.com,Male,48.103.52.185
971 Mauricio,Bowcock,mbowcockqz@dot.gov,Male,180.38.96.124
972 Benetta,Dumphry,bdumphryr0@illinois.edu,Female,239.104.64.78
973 Raeann,Telega,rtelegar1@go.com,Female,125.175.80.6
974 Joanna,Kenwrick,jkenwrickr2@berkeley.edu,Female,8.241.191.37
975 Kilian,Wickett,kwickettr3@wordpress.com,Male,12.110.118.117
976 Riki,Gofforth,rgofforthr4@geocities.com,Female,188.8.125.238
977 Read,Maytum,rmaytumr5@wordpress.org,Male,38.79.102.51
978 Alessandro,Aherne,aaherner6@yahoo.com,Male,52.245.44.51
979 Dylan,Yurinov,dyurinovr7@nbcnews.com,Male,191.202.224.152
980 Salomon,Caselli,scasellir8@princeton.edu,Male,143.127.224.13
981 Raimondo,Landa,rlandar9@1und1.de,Agender,176.121.135.137
982 Ardelle,Rathmell,arathmellra@blogspot.com,Non-binary,95.123.92.242
983 Vanya,Doman,vdomanrb@ucoz.com,Female,243.110.53.156
984 Silvan,Penniell,spenniellrc@aol.com,Agender,239.129.184.1
985 Harwell,Blackmore,hblackmorerd@51.la,Male,232.76.211.154
986 Willabella,Robberecht,wrobberechtre@dailymotion.com,Female,15.145.101.228
987 Arvy,Aldine,aaldinerf@nbcnews.com,Male,231.232.143.118
988 Donavon,Dombrell,ddombrellrg@sogou.com,Male,150.255.116.153
989 Bennie,Bolletti,bbollettirh@mozilla.org,Female,169.134.248.187
990 Violante,Collerd,vcollerdri@answers.com,Female,90.100.213.212
991 Bibby,MacQuaker,bmacquakerrj@shop-pro.jp,Female,69.21.116.180
992 Zollie,Kittel,zkittelrk@paginegialle.it,Genderqueer,148.46.67.107
993 Leoline,Hellen,lhellenrl@elegantthemes.com,Genderqueer,42.184.161.21
994 Salem,Mancer,smancerrm@noaa.gov,Male,26.212.133.158
995 Giorgi,Phillimore,gphillimorern@theglobeandmail.com,Male,53.82.47.243
996 Gib,Weadick,gweadickro@weibo.com,Male,245.51.20.255
997 Carline,Pask,cpaskrp@phoca.cz,Female,236.193.38.34
998 Amy,Scouler,ascoulerrq@usa.gov,Bigender,87.1.82.39
999 Myles,MacDunlevy,mmacdunlevyrr@cdc.gov,Male,61.32.207.2
